[{"model": "admin.logentry", "pk": 1, "fields": {"action_time": "2023-12-03T05:28:26.350Z", "user": 1, "content_type": 8, "object_id": "1", "object_repr": "martincito's account", "action_flag": 1, "change_message": "[{\"added\": {}}]"}}, {"model": "admin.logentry", "pk": 2, "fields": {"action_time": "2023-12-04T00:06:19.359Z", "user": 1, "content_type": 4, "object_id": "3", "object_repr": "milena", "action_flag": 1, "change_message": "[{\"added\": {}}]"}}, {"model": "admin.logentry", "pk": 3, "fields": {"action_time": "2023-12-04T00:08:15.866Z", "user": 1, "content_type": 8, "object_id": "2", "object_repr": "milena's account", "action_flag": 1, "change_message": "[{\"added\": {}}]"}}, {"model": "admin.logentry", "pk": 4, "fields": {"action_time": "2023-12-08T01:35:25.499Z", "user": 1, "content_type": 10, "object_id": "10", "object_repr": " ()", "action_flag": 3, "change_message": ""}}, {"model": "admin.logentry", "pk": 5, "fields": {"action_time": "2023-12-08T01:35:25.639Z", "user": 1, "content_type": 10, "object_id": "9", "object_repr": "4963867705 ()", "action_flag": 3, "change_message": ""}}, {"model": "admin.logentry", "pk": 6, "fields": {"action_time": "2023-12-08T01:35:25.766Z", "user": 1, "content_type": 10, "object_id": "8", "object_repr": " ()", "action_flag": 3, "change_message": ""}}, {"model": "admin.logentry", "pk": 7, "fields": {"action_time": "2023-12-08T01:35:25.849Z", "user": 1, "content_type": 10, "object_id": "7", "object_repr": "4963867705 ()", "action_flag": 3, "change_message": ""}}, {"model": "admin.logentry", "pk": 8, "fields": {"action_time": "2023-12-08T01:35:25.933Z", "user": 1, "content_type": 10, "object_id": "6", "object_repr": " ()", "action_flag": 3, "change_message": ""}}, {"model": "admin.logentry", "pk": 9, "fields": {"action_time": "2023-12-08T01:35:25.999Z", "user": 1, "content_type": 10, "object_id": "5", "object_repr": " ()", "action_flag": 3, "change_message": ""}}, {"model": "admin.logentry", "pk": 10, "fields": {"action_time": "2023-12-08T01:35:26.096Z", "user": 1, "content_type": 10, "object_id": "4", "object_repr": " ()", "action_flag": 3, "change_message": ""}}, {"model": "admin.logentry", "pk": 11, "fields": {"action_time": "2023-12-08T01:35:26.194Z", "user": 1, "content_type": 10, "object_id": "3", "object_repr": "4963867705 ()", "action_flag": 3, "change_message": ""}}, {"model": "admin.logentry", "pk": 12, "fields": {"action_time": "2023-12-08T01:35:26.336Z", "user": 1, "content_type": 10, "object_id": "2", "object_repr": "4963867705 ()", "action_flag": 3, "change_message": ""}}, {"model": "admin.logentry", "pk": 13, "fields": {"action_time": "2023-12-08T01:35:26.427Z", "user": 1, "content_type": 10, "object_id": "1", "object_repr": "4963867705 ()", "action_flag": 3, "change_message": ""}}, {"model": "admin.logentry", "pk": 14, "fields": {"action_time": "2023-12-09T02:11:55.896Z", "user": 1, "content_type": 8, "object_id": "1", "object_repr": "martincito's account", "action_flag": 2, "change_message": "[]"}}, {"model": "admin.logentry", "pk": 15, "fields": {"action_time": "2023-12-09T02:12:58.010Z", "user": 1, "content_type": 8, "object_id": "1", "object_repr": "martincito's account", "action_flag": 2, "change_message": "[{\"changed\": {\"fields\": [\"Currency\"]}}]"}}, {"model": "admin.logentry", "pk": 16, "fields": {"action_time": "2023-12-10T04:46:36.666Z", "user": 1, "content_type": 8, "object_id": "5", "object_repr": "martincito's account", "action_flag": 2, "change_message": "[{\"changed\": {\"fields\": [\"Balance\"]}}]"}}, {"model": "admin.logentry", "pk": 17, "fields": {"action_time": "2023-12-10T05:06:21.010Z", "user": 1, "content_type": 8, "object_id": "3", "object_repr": "lucia's account", "action_flag": 2, "change_message": "[{\"changed\": {\"fields\": [\"Balance\"]}}]"}}, {"model": "admin.logentry", "pk": 18, "fields": {"action_time": "2023-12-10T05:06:59.402Z", "user": 1, "content_type": 8, "object_id": "6", "object_repr": "martincito's account", "action_flag": 2, "change_message": "[{\"changed\": {\"fields\": [\"Balance\", \"Currency\"]}}]"}}, {"model": "admin.logentry", "pk": 19, "fields": {"action_time": "2023-12-10T05:07:07.181Z", "user": 1, "content_type": 8, "object_id": "4", "object_repr": "martincito's account", "action_flag": 2, "change_message": "[{\"changed\": {\"fields\": [\"Balance\"]}}]"}}, {"model": "admin.logentry", "pk": 20, "fields": {"action_time": "2023-12-10T05:08:53.645Z", "user": 1, "content_type": 8, "object_id": "4", "object_repr": "martincito's account", "action_flag": 2, "change_message": "[{\"changed\": {\"fields\": [\"Balance\"]}}]"}}, {"model": "admin.logentry", "pk": 21, "fields": {"action_time": "2023-12-16T03:15:40.680Z", "user": 1, "content_type": 4, "object_id": "5", "object_repr": "luli", "action_flag": 3, "change_message": ""}}, {"model": "auth.permission", "pk": 1, "fields": {"name": "Can add log entry", "content_type": 1, "codename": "add_logentry"}}, {"model": "auth.permission", "pk": 2, "fields": {"name": "Can change log entry", "content_type": 1, "codename": "change_logentry"}}, {"model": "auth.permission", "pk": 3, "fields": {"name": "Can delete log entry", "content_type": 1, "codename": "delete_logentry"}}, {"model": "auth.permission", "pk": 4, "fields": {"name": "Can view log entry", "content_type": 1, "codename": "view_logentry"}}, {"model": "auth.permission", "pk": 5, "fields": {"name": "Can add permission", "content_type": 2, "codename": "add_permission"}}, {"model": "auth.permission", "pk": 6, "fields": {"name": "Can change permission", "content_type": 2, "codename": "change_permission"}}, {"model": "auth.permission", "pk": 7, "fields": {"name": "Can delete permission", "content_type": 2, "codename": "delete_permission"}}, {"model": "auth.permission", "pk": 8, "fields": {"name": "Can view permission", "content_type": 2, "codename": "view_permission"}}, {"model": "auth.permission", "pk": 9, "fields": {"name": "Can add group", "content_type": 3, "codename": "add_group"}}, {"model": "auth.permission", "pk": 10, "fields": {"name": "Can change group", "content_type": 3, "codename": "change_group"}}, {"model": "auth.permission", "pk": 11, "fields": {"name": "Can delete group", "content_type": 3, "codename": "delete_group"}}, {"model": "auth.permission", "pk": 12, "fields": {"name": "Can view group", "content_type": 3, "codename": "view_group"}}, {"model": "auth.permission", "pk": 13, "fields": {"name": "Can add user", "content_type": 4, "codename": "add_user"}}, {"model": "auth.permission", "pk": 14, "fields": {"name": "Can change user", "content_type": 4, "codename": "change_user"}}, {"model": "auth.permission", "pk": 15, "fields": {"name": "Can delete user", "content_type": 4, "codename": "delete_user"}}, {"model": "auth.permission", "pk": 16, "fields": {"name": "Can view user", "content_type": 4, "codename": "view_user"}}, {"model": "auth.permission", "pk": 17, "fields": {"name": "Can add content type", "content_type": 5, "codename": "add_contenttype"}}, {"model": "auth.permission", "pk": 18, "fields": {"name": "Can change content type", "content_type": 5, "codename": "change_contenttype"}}, {"model": "auth.permission", "pk": 19, "fields": {"name": "Can delete content type", "content_type": 5, "codename": "delete_contenttype"}}, {"model": "auth.permission", "pk": 20, "fields": {"name": "Can view content type", "content_type": 5, "codename": "view_contenttype"}}, {"model": "auth.permission", "pk": 21, "fields": {"name": "Can add session", "content_type": 6, "codename": "add_session"}}, {"model": "auth.permission", "pk": 22, "fields": {"name": "Can change session", "content_type": 6, "codename": "change_session"}}, {"model": "auth.permission", "pk": 23, "fields": {"name": "Can delete session", "content_type": 6, "codename": "delete_session"}}, {"model": "auth.permission", "pk": 24, "fields": {"name": "Can view session", "content_type": 6, "codename": "view_session"}}, {"model": "auth.permission", "pk": 25, "fields": {"name": "Can add transction", "content_type": 7, "codename": "add_transction"}}, {"model": "auth.permission", "pk": 26, "fields": {"name": "Can change transction", "content_type": 7, "codename": "change_transction"}}, {"model": "auth.permission", "pk": 27, "fields": {"name": "Can delete transction", "content_type": 7, "codename": "delete_transction"}}, {"model": "auth.permission", "pk": 28, "fields": {"name": "Can view transction", "content_type": 7, "codename": "view_transction"}}, {"model": "auth.permission", "pk": 29, "fields": {"name": "Can add account", "content_type": 8, "codename": "add_account"}}, {"model": "auth.permission", "pk": 30, "fields": {"name": "Can change account", "content_type": 8, "codename": "change_account"}}, {"model": "auth.permission", "pk": 31, "fields": {"name": "Can delete account", "content_type": 8, "codename": "delete_account"}}, {"model": "auth.permission", "pk": 32, "fields": {"name": "Can view account", "content_type": 8, "codename": "view_account"}}, {"model": "auth.permission", "pk": 33, "fields": {"name": "Can add transaction", "content_type": 7, "codename": "add_transaction"}}, {"model": "auth.permission", "pk": 34, "fields": {"name": "Can change transaction", "content_type": 7, "codename": "change_transaction"}}, {"model": "auth.permission", "pk": 35, "fields": {"name": "Can delete transaction", "content_type": 7, "codename": "delete_transaction"}}, {"model": "auth.permission", "pk": 36, "fields": {"name": "Can view transaction", "content_type": 7, "codename": "view_transaction"}}, {"model": "auth.permission", "pk": 37, "fields": {"name": "Can add user profile", "content_type": 9, "codename": "add_userprofile"}}, {"model": "auth.permission", "pk": 38, "fields": {"name": "Can change user profile", "content_type": 9, "codename": "change_userprofile"}}, {"model": "auth.permission", "pk": 39, "fields": {"name": "Can delete user profile", "content_type": 9, "codename": "delete_userprofile"}}, {"model": "auth.permission", "pk": 40, "fields": {"name": "Can view user profile", "content_type": 9, "codename": "view_userprofile"}}, {"model": "auth.permission", "pk": 41, "fields": {"name": "Can add transfer destination", "content_type": 10, "codename": "add_transferdestination"}}, {"model": "auth.permission", "pk": 42, "fields": {"name": "Can change transfer destination", "content_type": 10, "codename": "change_transferdestination"}}, {"model": "auth.permission", "pk": 43, "fields": {"name": "Can delete transfer destination", "content_type": 10, "codename": "delete_transferdestination"}}, {"model": "auth.permission", "pk": 44, "fields": {"name": "Can view transfer destination", "content_type": 10, "codename": "view_transferdestination"}}, {"model": "auth.user", "pk": 1, "fields": {"password": "pbkdf2_sha256$600000$mZiuJ5PlOGDqyBv3IsYlNc$bMseEsIlcraWFeoQEXhk51EcrtsydDla+xGU5eVCgUU=", "last_login": "2023-12-16T03:15:12.896Z", "is_superuser": true, "username": "ricardo", "first_name": "", "last_name": "", "email": "ricardobiselli@gmail.com", "is_staff": true, "is_active": true, "date_joined": "2023-12-03T04:30:27.051Z", "groups": [], "user_permissions": []}}, {"model": "auth.user", "pk": 2, "fields": {"password": "pbkdf2_sha256$600000$lHt0CYtYKHFxtv2156KQlG$457kHLHoclaZYXrLSJMV5XHOWA4THjdZa3zbnhoF5HY=", "last_login": "2023-12-20T02:05:39.966Z", "is_superuser": false, "username": "martincito", "first_name": "", "last_name": "", "email": "", "is_staff": false, "is_active": true, "date_joined": "2023-12-03T04:37:34.683Z", "groups": [], "user_permissions": []}}, {"model": "auth.user", "pk": 3, "fields": {"password": "pbkdf2_sha256$600000$dOhatrgtNJ5Zlz1VcguhpE$V+aEaEA0TJehWbdUIq+oXQNGGpMbZ4PqbfuPMgf+r34=", "last_login": "2023-12-16T03:03:44.834Z", "is_superuser": false, "username": "milena", "first_name": "", "last_name": "", "email": "", "is_staff": false, "is_active": true, "date_joined": "2023-12-04T00:06:18.856Z", "groups": [], "user_permissions": []}}, {"model": "auth.user", "pk": 4, "fields": {"password": "pbkdf2_sha256$600000$Uqq1BKcya4HQd82hwmblsM$/Bz1TnRquJJvp8FURZeLfJtSe23BKjVQZzv+/aENd+U=", "last_login": "2023-12-16T03:10:21.373Z", "is_superuser": false, "username": "lucia", "first_name": "", "last_name": "", "email": "", "is_staff": false, "is_active": true, "date_joined": "2023-12-04T00:08:47.301Z", "groups": [], "user_permissions": []}}, {"model": "auth.user", "pk": 6, "fields": {"password": "pbkdf2_sha256$600000$Amp6DIeYQBaD9W11Bt4zmr$GHOj2i2nLZi9E+A68dKCfXkFuH/WQ2mSuLp2B6/kr6I=", "last_login": "2023-12-16T03:22:02.180Z", "is_superuser": false, "username": "luli", "first_name": "", "last_name": "", "email": "", "is_staff": false, "is_active": true, "date_joined": "2023-12-16T03:15:59.025Z", "groups": [], "user_permissions": []}}, {"model": "auth.user", "pk": 7, "fields": {"password": "pbkdf2_sha256$600000$thtMVUDWDoeLNAy8K8xYjM$Aw9nk0UWT5WSsJWfLdLyOkLxxPBs577xtThl6n5kEAQ=", "last_login": "2023-12-16T04:41:57.322Z", "is_superuser": false, "username": "pepito", "first_name": "", "last_name": "", "email": "", "is_staff": false, "is_active": true, "date_joined": "2023-12-16T04:41:56.430Z", "groups": [], "user_permissions": []}}, {"model": "auth.user", "pk": 8, "fields": {"password": "pbkdf2_sha256$600000$Z8O874oyJVymmRaRRKMZ4c$Ka9T3Q3VuTQRN4Mr1/32JaZRdXfuBL/8SM/nPnKNqQU=", "last_login": "2023-12-16T04:46:12.424Z", "is_superuser": false, "username": "tutu", "first_name": "", "last_name": "", "email": "", "is_staff": false, "is_active": true, "date_joined": "2023-12-16T04:46:11.680Z", "groups": [], "user_permissions": []}}, {"model": "auth.user", "pk": 9, "fields": {"password": "pbkdf2_sha256$600000$DgySVzR7wuHhKFMUAKj4Vj$weZksBN2+Rby4EYZhUDW+uP+j5gsjce7izM+4lMyCfw=", "last_login": "2023-12-18T00:01:41.866Z", "is_superuser": false, "username": "user", "first_name": "", "last_name": "", "email": "", "is_staff": false, "is_active": true, "date_joined": "2023-12-18T00:01:41.157Z", "groups": [], "user_permissions": []}}, {"model": "auth.user", "pk": 10, "fields": {"password": "pbkdf2_sha256$600000$fBNTiGvsiKqVUX9IshwICr$Ok15VUMqVijPNAqloULV+PEYS+CF52pUI7wET9uhvAQ=", "last_login": "2023-12-18T00:04:56.568Z", "is_superuser": false, "username": "user2", "first_name": "", "last_name": "", "email": "", "is_staff": false, "is_active": true, "date_joined": "2023-12-18T00:04:55.832Z", "groups": [], "user_permissions": []}}, {"model": "auth.user", "pk": 11, "fields": {"password": "pbkdf2_sha256$600000$urM1s55bcEkTSdtN2DEE9n$jV6Uiq1mHCNXTySSEAPftdCvOrtuP4cs3WbrKAn6xs4=", "last_login": "2023-12-18T00:07:02.157Z", "is_superuser": false, "username": "user3", "first_name": "", "last_name": "", "email": "", "is_staff": false, "is_active": true, "date_joined": "2023-12-18T00:07:01.355Z", "groups": [], "user_permissions": []}}, {"model": "auth.user", "pk": 12, "fields": {"password": "pbkdf2_sha256$600000$x1SgSCrlVxBQLnyVYBeIbq$rHFcfGPGpsOQbXitf1RNWlREaYE4nYcQwESE3ZBIFT0=", "last_login": "2023-12-18T00:07:49.073Z", "is_superuser": false, "username": "user4", "first_name": "", "last_name": "", "email": "", "is_staff": false, "is_active": true, "date_joined": "2023-12-18T00:07:48.279Z", "groups": [], "user_permissions": []}}, {"model": "auth.user", "pk": 13, "fields": {"password": "pbkdf2_sha256$600000$pfLuW30TFHvdmRYRBtZhQB$g9y1hY5XMnzfeCyDrMkerRjTaHAtbWr2g5iMxlXwBVE=", "last_login": "2023-12-18T00:10:59.701Z", "is_superuser": false, "username": "user5", "first_name": "", "last_name": "", "email": "", "is_staff": false, "is_active": true, "date_joined": "2023-12-18T00:10:58.961Z", "groups": [], "user_permissions": []}}, {"model": "contenttypes.contenttype", "pk": 1, "fields": {"app_label": "admin", "model": "logentry"}}, {"model": "contenttypes.contenttype", "pk": 2, "fields": {"app_label": "auth", "model": "permission"}}, {"model": "contenttypes.contenttype", "pk": 3, "fields": {"app_label": "auth", "model": "group"}}, {"model": "contenttypes.contenttype", "pk": 4, "fields": {"app_label": "auth", "model": "user"}}, {"model": "contenttypes.contenttype", "pk": 5, "fields": {"app_label": "contenttypes", "model": "contenttype"}}, {"model": "contenttypes.contenttype", "pk": 6, "fields": {"app_label": "sessions", "model": "session"}}, {"model": "contenttypes.contenttype", "pk": 7, "fields": {"app_label": "accounts", "model": "transaction"}}, {"model": "contenttypes.contenttype", "pk": 8, "fields": {"app_label": "accounts", "model": "account"}}, {"model": "contenttypes.contenttype", "pk": 9, "fields": {"app_label": "accounts", "model": "userprofile"}}, {"model": "contenttypes.contenttype", "pk": 10, "fields": {"app_label": "accounts", "model": "transferdestination"}}, {"model": "sessions.session", "pk": "qscsjy4vxb1sgwm4ygmsyzv98vy62k9e", "fields": {"session_data": ".eJxVjEEOwiAQRe_C2pDADAy4dO8ZyACjVE2blHbVeHdt0oVu_3vvbyrxurS0dpnTUNVZWXX63TKXp4w7qA8e75Mu07jMQ9a7og_a9XWq8roc7t9B496-NWA2sXIMFoEQQoZbrORFokcbLHkiAnCVxGJ0XgwWJiDDXFCc9er9AbPBNqY:1rFlxs:2fiGFnTClpeVmKhm5EbZXmOjuQ1pFaJ0txLnSuw4SRM", "expire_date": "2024-01-03T02:05:40.084Z"}}, {"model": "sessions.session", "pk": "vnfo7w2l0sx2kt6pavp7mb1u1h8mqr4w", "fields": {"session_data": ".eJxVjEEOwiAQRe_C2pDADAy4dO8ZyACjVE2blHbVeHdt0oVu_3vvbyrxurS0dpnTUNVZWXX63TKXp4w7qA8e75Mu07jMQ9a7og_a9XWq8roc7t9B496-NWA2sXIMFoEQQoZbrORFokcbLHkiAnCVxGJ0XgwWJiDDXFCc9er9AbPBNqY:1rBS8s:LsqOSuz9keY9QGogNO0j-RGZ-NLKVAhKKHIOMlSgTKQ", "expire_date": "2023-12-22T04:07:10.644Z"}}, {"model": "accounts.account", "pk": 2, "fields": {"user": 3, "balance_currency": "USD", "balance": "28094.08", "account_number": "1654978898", "currency": "USD"}}, {"model": "accounts.account", "pk": 3, "fields": {"user": 4, "balance_currency": "USD", "balance": "1500.00", "account_number": "4963867705", "currency": "USD"}}, {"model": "accounts.account", "pk": 4, "fields": {"user": 2, "balance_currency": "EUR", "balance": "4549.00", "account_number": "3666019095", "currency": "EUR"}}, {"model": "accounts.account", "pk": 5, "fields": {"user": 2, "balance_currency": "ARS", "balance": "8198929.08", "account_number": "1428140722", "currency": "ARS"}}, {"model": "accounts.account", "pk": 8, "fields": {"user": 6, "balance_currency": "USD", "balance": "0.00", "account_number": "9327028724", "currency": ""}}, {"model": "accounts.account", "pk": 9, "fields": {"user": 7, "balance_currency": "USD", "balance": "0.00", "account_number": "4009928214", "currency": ""}}, {"model": "accounts.account", "pk": 10, "fields": {"user": 8, "balance_currency": "USD", "balance": "0.00", "account_number": "4026347560", "currency": "ARS"}}, {"model": "accounts.account", "pk": 13, "fields": {"user": 9, "balance_currency": "USD", "balance": "0.00", "account_number": "1248731087", "currency": "ARS"}}, {"model": "accounts.account", "pk": 14, "fields": {"user": 12, "balance_currency": "USD", "balance": "0.00", "account_number": "2253507628", "currency": "USD"}}, {"model": "accounts.account", "pk": 15, "fields": {"user": 2, "balance_currency": "USD", "balance": "491.46", "account_number": "1072041622", "currency": "USD"}}, {"model": "accounts.transaction", "pk": 15, "fields": {"sender": 5, "receiver": 2, "amount": "1.00", "timestamp": "2023-12-14T03:32:24.850Z"}}, {"model": "accounts.transaction", "pk": 16, "fields": {"sender": 5, "receiver": 2, "amount": "1.00", "timestamp": "2023-12-16T02:58:42.200Z"}}, {"model": "accounts.transaction", "pk": 17, "fields": {"sender": 5, "receiver": 2, "amount": "1.99", "timestamp": "2023-12-16T03:02:12.540Z"}}, {"model": "accounts.transaction", "pk": 18, "fields": {"sender": 10, "receiver": 2, "amount": "1.25", "timestamp": "2023-12-16T04:49:35.779Z"}}, {"model": "accounts.transaction", "pk": 19, "fields": {"sender": 5, "receiver": 2, "amount": "1.06", "timestamp": "2023-12-17T15:52:25.080Z"}}, {"model": "accounts.transaction", "pk": 27, "fields": {"sender": 5, "receiver": 2, "amount": "0.00", "timestamp": "2023-12-17T19:12:17.345Z"}}, {"model": "accounts.transaction", "pk": 28, "fields": {"sender": 5, "receiver": 2, "amount": "0.00", "timestamp": "2023-12-17T19:12:22.494Z"}}, {"model": "accounts.transaction", "pk": 29, "fields": {"sender": 5, "receiver": 2, "amount": "0.00", "timestamp": "2023-12-17T19:14:12.527Z"}}, {"model": "accounts.transaction", "pk": 30, "fields": {"sender": 5, "receiver": 2, "amount": "0.00", "timestamp": "2023-12-17T19:14:32.920Z"}}, {"model": "accounts.transaction", "pk": 31, "fields": {"sender": 5, "receiver": 2, "amount": "0.00", "timestamp": "2023-12-17T19:14:50.881Z"}}, {"model": "accounts.transaction", "pk": 62, "fields": {"sender": 4, "receiver": 15, "amount": "491.46", "timestamp": "2023-12-19T04:56:45.363Z"}}, {"model": "accounts.transaction", "pk": 63, "fields": {"sender": 4, "receiver": 2, "amount": "1.10", "timestamp": "2023-12-20T01:25:32.742Z"}}, {"model": "accounts.userprofile", "pk": 1, "fields": {"user": 2}}, {"model": "accounts.userprofile", "pk": 2, "fields": {"user": 6}}, {"model": "accounts.userprofile", "pk": 3, "fields": {"user": 7}}, {"model": "accounts.userprofile", "pk": 4, "fields": {"user": 8}}, {"model": "accounts.userprofile", "pk": 5, "fields": {"user": 9}}, {"model": "accounts.userprofile", "pk": 6, "fields": {"user": 10}}, {"model": "accounts.userprofile", "pk": 7, "fields": {"user": 11}}, {"model": "accounts.userprofile", "pk": 8, "fields": {"user": 12}}, {"model": "accounts.userprofile", "pk": 9, "fields": {"user": 13}}, {"model": "accounts.transferdestination", "pk": 25, "fields": {"user_profile": 1, "destination_account_number": "3754540883", "nickname": "probando"}}, {"model": "accounts.transferdestination", "pk": 26, "fields": {"user_profile": 1, "destination_account_number": "5314359746", "nickname": "mili"}}, {"model": "accounts.transferdestination", "pk": 28, "fields": {"user_profile": 1, "destination_account_number": "1072041622", "nickname": "cuenta en dólares"}}]