[{"model": "admin.logentry", "pk": 1, "fields": {"action_time": "2023-12-03T05:28:26.350Z", "user": 1, "content_type": 8, "object_id": "1", "object_repr": "martincito's account", "action_flag": 1, "change_message": "[{\"added\": {}}]"}}, {"model": "admin.logentry", "pk": 2, "fields": {"action_time": "2023-12-04T00:06:19.359Z", "user": 1, "content_type": 4, "object_id": "3", "object_repr": "milena", "action_flag": 1, "change_message": "[{\"added\": {}}]"}}, {"model": "admin.logentry", "pk": 3, "fields": {"action_time": "2023-12-04T00:08:15.866Z", "user": 1, "content_type": 8, "object_id": "2", "object_repr": "milena's account", "action_flag": 1, "change_message": "[{\"added\": {}}]"}}, {"model": "admin.logentry", "pk": 4, "fields": {"action_time": "2023-12-08T01:35:25.499Z", "user": 1, "content_type": 10, "object_id": "10", "object_repr": " ()", "action_flag": 3, "change_message": ""}}, {"model": "admin.logentry", "pk": 5, "fields": {"action_time": "2023-12-08T01:35:25.639Z", "user": 1, "content_type": 10, "object_id": "9", "object_repr": "4963867705 ()", "action_flag": 3, "change_message": ""}}, {"model": "admin.logentry", "pk": 6, "fields": {"action_time": "2023-12-08T01:35:25.766Z", "user": 1, "content_type": 10, "object_id": "8", "object_repr": " ()", "action_flag": 3, "change_message": ""}}, {"model": "admin.logentry", "pk": 7, "fields": {"action_time": "2023-12-08T01:35:25.849Z", "user": 1, "content_type": 10, "object_id": "7", "object_repr": "4963867705 ()", "action_flag": 3, "change_message": ""}}, {"model": "admin.logentry", "pk": 8, "fields": {"action_time": "2023-12-08T01:35:25.933Z", "user": 1, "content_type": 10, "object_id": "6", "object_repr": " ()", "action_flag": 3, "change_message": ""}}, {"model": "admin.logentry", "pk": 9, "fields": {"action_time": "2023-12-08T01:35:25.999Z", "user": 1, "content_type": 10, "object_id": "5", "object_repr": " ()", "action_flag": 3, "change_message": ""}}, {"model": "admin.logentry", "pk": 10, "fields": {"action_time": "2023-12-08T01:35:26.096Z", "user": 1, "content_type": 10, "object_id": "4", "object_repr": " ()", "action_flag": 3, "change_message": ""}}, {"model": "admin.logentry", "pk": 11, "fields": {"action_time": "2023-12-08T01:35:26.194Z", "user": 1, "content_type": 10, "object_id": "3", "object_repr": "4963867705 ()", "action_flag": 3, "change_message": ""}}, {"model": "admin.logentry", "pk": 12, "fields": {"action_time": "2023-12-08T01:35:26.336Z", "user": 1, "content_type": 10, "object_id": "2", "object_repr": "4963867705 ()", "action_flag": 3, "change_message": ""}}, {"model": "admin.logentry", "pk": 13, "fields": {"action_time": "2023-12-08T01:35:26.427Z", "user": 1, "content_type": 10, "object_id": "1", "object_repr": "4963867705 ()", "action_flag": 3, "change_message": ""}}, {"model": "admin.logentry", "pk": 14, "fields": {"action_time": "2023-12-09T02:11:55.896Z", "user": 1, "content_type": 8, "object_id": "1", "object_repr": "martincito's account", "action_flag": 2, "change_message": "[]"}}, {"model": "admin.logentry", "pk": 15, "fields": {"action_time": "2023-12-09T02:12:58.010Z", "user": 1, "content_type": 8, "object_id": "1", "object_repr": "martincito's account", "action_flag": 2, "change_message": "[{\"changed\": {\"fields\": [\"Currency\"]}}]"}}, {"model": "admin.logentry", "pk": 16, "fields": {"action_time": "2023-12-10T04:46:36.666Z", "user": 1, "content_type": 8, "object_id": "5", "object_repr": "martincito's account", "action_flag": 2, "change_message": "[{\"changed\": {\"fields\": [\"Balance\"]}}]"}}, {"model": "admin.logentry", "pk": 17, "fields": {"action_time": "2023-12-10T05:06:21.010Z", "user": 1, "content_type": 8, "object_id": "3", "object_repr": "lucia's account", "action_flag": 2, "change_message": "[{\"changed\": {\"fields\": [\"Balance\"]}}]"}}, {"model": "admin.logentry", "pk": 18, "fields": {"action_time": "2023-12-10T05:06:59.402Z", "user": 1, "content_type": 8, "object_id": "6", "object_repr": "martincito's account", "action_flag": 2, "change_message": "[{\"changed\": {\"fields\": [\"Balance\", \"Currency\"]}}]"}}, {"model": "admin.logentry", "pk": 19, "fields": {"action_time": "2023-12-10T05:07:07.181Z", "user": 1, "content_type": 8, "object_id": "4", "object_repr": "martincito's account", "action_flag": 2, "change_message": "[{\"changed\": {\"fields\": [\"Balance\"]}}]"}}, {"model": "admin.logentry", "pk": 20, "fields": {"action_time": "2023-12-10T05:08:53.645Z", "user": 1, "content_type": 8, "object_id": "4", "object_repr": "martincito's account", "action_flag": 2, "change_message": "[{\"changed\": {\"fields\": [\"Balance\"]}}]"}}, {"model": "admin.logentry", "pk": 21, "fields": {"action_time": "2023-12-16T03:15:40.680Z", "user": 1, "content_type": 4, "object_id": "5", "object_repr": "luli", "action_flag": 3, "change_message": ""}}, {"model": "admin.logentry", "pk": 22, "fields": {"action_time": "2024-01-01T15:48:53.755Z", "user": 1, "content_type": 8, "object_id": "15", "object_repr": "martincito's account", "action_flag": 3, "change_message": ""}}, {"model": "admin.logentry", "pk": 23, "fields": {"action_time": "2024-01-01T15:48:53.899Z", "user": 1, "content_type": 8, "object_id": "14", "object_repr": "user4's account", "action_flag": 3, "change_message": ""}}, {"model": "admin.logentry", "pk": 24, "fields": {"action_time": "2024-01-01T15:48:53.949Z", "user": 1, "content_type": 8, "object_id": "13", "object_repr": "user's account", "action_flag": 3, "change_message": ""}}, {"model": "admin.logentry", "pk": 25, "fields": {"action_time": "2024-01-01T15:48:54.024Z", "user": 1, "content_type": 8, "object_id": "10", "object_repr": "tutu's account", "action_flag": 3, "change_message": ""}}, {"model": "admin.logentry", "pk": 26, "fields": {"action_time": "2024-01-01T15:48:54.074Z", "user": 1, "content_type": 8, "object_id": "9", "object_repr": "pepito's account", "action_flag": 3, "change_message": ""}}, {"model": "admin.logentry", "pk": 27, "fields": {"action_time": "2024-01-01T15:48:54.141Z", "user": 1, "content_type": 8, "object_id": "8", "object_repr": "luli's account", "action_flag": 3, "change_message": ""}}, {"model": "admin.logentry", "pk": 28, "fields": {"action_time": "2024-01-01T15:48:54.207Z", "user": 1, "content_type": 8, "object_id": "5", "object_repr": "martincito's account", "action_flag": 3, "change_message": ""}}, {"model": "admin.logentry", "pk": 29, "fields": {"action_time": "2024-01-01T15:48:54.265Z", "user": 1, "content_type": 8, "object_id": "4", "object_repr": "martincito's account", "action_flag": 3, "change_message": ""}}, {"model": "admin.logentry", "pk": 30, "fields": {"action_time": "2024-01-01T15:48:54.324Z", "user": 1, "content_type": 8, "object_id": "3", "object_repr": "lucia's account", "action_flag": 3, "change_message": ""}}, {"model": "admin.logentry", "pk": 31, "fields": {"action_time": "2024-01-01T15:48:54.399Z", "user": 1, "content_type": 8, "object_id": "2", "object_repr": "milena's account", "action_flag": 3, "change_message": ""}}, {"model": "admin.logentry", "pk": 32, "fields": {"action_time": "2024-01-01T15:49:26.589Z", "user": 1, "content_type": 8, "object_id": "23", "object_repr": "milenita's account", "action_flag": 2, "change_message": "[{\"changed\": {\"fields\": [\"Balance\"]}}]"}}, {"model": "admin.logentry", "pk": 33, "fields": {"action_time": "2024-01-01T15:49:48.924Z", "user": 1, "content_type": 8, "object_id": "22", "object_repr": "martincito2's account", "action_flag": 2, "change_message": "[{\"changed\": {\"fields\": [\"Balance\"]}}]"}}, {"model": "admin.logentry", "pk": 34, "fields": {"action_time": "2024-01-13T02:35:32.901Z", "user": 1, "content_type": 4, "object_id": "19", "object_repr": "Julieta", "action_flag": 2, "change_message": "[{\"changed\": {\"fields\": [\"password\"]}}]"}}, {"model": "auth.permission", "pk": 1, "fields": {"name": "Can add log entry", "content_type": 1, "codename": "add_logentry"}}, {"model": "auth.permission", "pk": 2, "fields": {"name": "Can change log entry", "content_type": 1, "codename": "change_logentry"}}, {"model": "auth.permission", "pk": 3, "fields": {"name": "Can delete log entry", "content_type": 1, "codename": "delete_logentry"}}, {"model": "auth.permission", "pk": 4, "fields": {"name": "Can view log entry", "content_type": 1, "codename": "view_logentry"}}, {"model": "auth.permission", "pk": 5, "fields": {"name": "Can add permission", "content_type": 2, "codename": "add_permission"}}, {"model": "auth.permission", "pk": 6, "fields": {"name": "Can change permission", "content_type": 2, "codename": "change_permission"}}, {"model": "auth.permission", "pk": 7, "fields": {"name": "Can delete permission", "content_type": 2, "codename": "delete_permission"}}, {"model": "auth.permission", "pk": 8, "fields": {"name": "Can view permission", "content_type": 2, "codename": "view_permission"}}, {"model": "auth.permission", "pk": 9, "fields": {"name": "Can add group", "content_type": 3, "codename": "add_group"}}, {"model": "auth.permission", "pk": 10, "fields": {"name": "Can change group", "content_type": 3, "codename": "change_group"}}, {"model": "auth.permission", "pk": 11, "fields": {"name": "Can delete group", "content_type": 3, "codename": "delete_group"}}, {"model": "auth.permission", "pk": 12, "fields": {"name": "Can view group", "content_type": 3, "codename": "view_group"}}, {"model": "auth.permission", "pk": 13, "fields": {"name": "Can add user", "content_type": 4, "codename": "add_user"}}, {"model": "auth.permission", "pk": 14, "fields": {"name": "Can change user", "content_type": 4, "codename": "change_user"}}, {"model": "auth.permission", "pk": 15, "fields": {"name": "Can delete user", "content_type": 4, "codename": "delete_user"}}, {"model": "auth.permission", "pk": 16, "fields": {"name": "Can view user", "content_type": 4, "codename": "view_user"}}, {"model": "auth.permission", "pk": 17, "fields": {"name": "Can add content type", "content_type": 5, "codename": "add_contenttype"}}, {"model": "auth.permission", "pk": 18, "fields": {"name": "Can change content type", "content_type": 5, "codename": "change_contenttype"}}, {"model": "auth.permission", "pk": 19, "fields": {"name": "Can delete content type", "content_type": 5, "codename": "delete_contenttype"}}, {"model": "auth.permission", "pk": 20, "fields": {"name": "Can view content type", "content_type": 5, "codename": "view_contenttype"}}, {"model": "auth.permission", "pk": 21, "fields": {"name": "Can add session", "content_type": 6, "codename": "add_session"}}, {"model": "auth.permission", "pk": 22, "fields": {"name": "Can change session", "content_type": 6, "codename": "change_session"}}, {"model": "auth.permission", "pk": 23, "fields": {"name": "Can delete session", "content_type": 6, "codename": "delete_session"}}, {"model": "auth.permission", "pk": 24, "fields": {"name": "Can view session", "content_type": 6, "codename": "view_session"}}, {"model": "auth.permission", "pk": 25, "fields": {"name": "Can add transction", "content_type": 7, "codename": "add_transction"}}, {"model": "auth.permission", "pk": 26, "fields": {"name": "Can change transction", "content_type": 7, "codename": "change_transction"}}, {"model": "auth.permission", "pk": 27, "fields": {"name": "Can delete transction", "content_type": 7, "codename": "delete_transction"}}, {"model": "auth.permission", "pk": 28, "fields": {"name": "Can view transction", "content_type": 7, "codename": "view_transction"}}, {"model": "auth.permission", "pk": 29, "fields": {"name": "Can add account", "content_type": 8, "codename": "add_account"}}, {"model": "auth.permission", "pk": 30, "fields": {"name": "Can change account", "content_type": 8, "codename": "change_account"}}, {"model": "auth.permission", "pk": 31, "fields": {"name": "Can delete account", "content_type": 8, "codename": "delete_account"}}, {"model": "auth.permission", "pk": 32, "fields": {"name": "Can view account", "content_type": 8, "codename": "view_account"}}, {"model": "auth.permission", "pk": 33, "fields": {"name": "Can add transaction", "content_type": 7, "codename": "add_transaction"}}, {"model": "auth.permission", "pk": 34, "fields": {"name": "Can change transaction", "content_type": 7, "codename": "change_transaction"}}, {"model": "auth.permission", "pk": 35, "fields": {"name": "Can delete transaction", "content_type": 7, "codename": "delete_transaction"}}, {"model": "auth.permission", "pk": 36, "fields": {"name": "Can view transaction", "content_type": 7, "codename": "view_transaction"}}, {"model": "auth.permission", "pk": 37, "fields": {"name": "Can add user profile", "content_type": 9, "codename": "add_userprofile"}}, {"model": "auth.permission", "pk": 38, "fields": {"name": "Can change user profile", "content_type": 9, "codename": "change_userprofile"}}, {"model": "auth.permission", "pk": 39, "fields": {"name": "Can delete user profile", "content_type": 9, "codename": "delete_userprofile"}}, {"model": "auth.permission", "pk": 40, "fields": {"name": "Can view user profile", "content_type": 9, "codename": "view_userprofile"}}, {"model": "auth.permission", "pk": 41, "fields": {"name": "Can add transfer destination", "content_type": 10, "codename": "add_transferdestination"}}, {"model": "auth.permission", "pk": 42, "fields": {"name": "Can change transfer destination", "content_type": 10, "codename": "change_transferdestination"}}, {"model": "auth.permission", "pk": 43, "fields": {"name": "Can delete transfer destination", "content_type": 10, "codename": "delete_transferdestination"}}, {"model": "auth.permission", "pk": 44, "fields": {"name": "Can view transfer destination", "content_type": 10, "codename": "view_transferdestination"}}, {"model": "auth.permission", "pk": 45, "fields": {"name": "Can add user profile", "content_type": 11, "codename": "add_userprofile"}}, {"model": "auth.permission", "pk": 46, "fields": {"name": "Can change user profile", "content_type": 11, "codename": "change_userprofile"}}, {"model": "auth.permission", "pk": 47, "fields": {"name": "Can delete user profile", "content_type": 11, "codename": "delete_userprofile"}}, {"model": "auth.permission", "pk": 48, "fields": {"name": "Can view user profile", "content_type": 11, "codename": "view_userprofile"}}, {"model": "auth.permission", "pk": 49, "fields": {"name": "Can add transaction", "content_type": 12, "codename": "add_transaction"}}, {"model": "auth.permission", "pk": 50, "fields": {"name": "Can change transaction", "content_type": 12, "codename": "change_transaction"}}, {"model": "auth.permission", "pk": 51, "fields": {"name": "Can delete transaction", "content_type": 12, "codename": "delete_transaction"}}, {"model": "auth.permission", "pk": 52, "fields": {"name": "Can view transaction", "content_type": 12, "codename": "view_transaction"}}, {"model": "auth.permission", "pk": 53, "fields": {"name": "Can add transfer destination", "content_type": 13, "codename": "add_transferdestination"}}, {"model": "auth.permission", "pk": 54, "fields": {"name": "Can change transfer destination", "content_type": 13, "codename": "change_transferdestination"}}, {"model": "auth.permission", "pk": 55, "fields": {"name": "Can delete transfer destination", "content_type": 13, "codename": "delete_transferdestination"}}, {"model": "auth.permission", "pk": 56, "fields": {"name": "Can view transfer destination", "content_type": 13, "codename": "view_transferdestination"}}, {"model": "auth.user", "pk": 1, "fields": {"password": "pbkdf2_sha256$600000$mZiuJ5PlOGDqyBv3IsYlNc$bMseEsIlcraWFeoQEXhk51EcrtsydDla+xGU5eVCgUU=", "last_login": "2024-01-13T03:46:23.899Z", "is_superuser": true, "username": "ricardo", "first_name": "", "last_name": "", "email": "ricardobiselli@gmail.com", "is_staff": true, "is_active": true, "date_joined": "2023-12-03T04:30:27.051Z", "groups": [], "user_permissions": []}}, {"model": "auth.user", "pk": 2, "fields": {"password": "pbkdf2_sha256$600000$lHt0CYtYKHFxtv2156KQlG$457kHLHoclaZYXrLSJMV5XHOWA4THjdZa3zbnhoF5HY=", "last_login": "2024-01-01T15:47:03.377Z", "is_superuser": false, "username": "martincito", "first_name": "", "last_name": "", "email": "", "is_staff": false, "is_active": true, "date_joined": "2023-12-03T04:37:34.683Z", "groups": [], "user_permissions": []}}, {"model": "auth.user", "pk": 3, "fields": {"password": "pbkdf2_sha256$600000$dOhatrgtNJ5Zlz1VcguhpE$V+aEaEA0TJehWbdUIq+oXQNGGpMbZ4PqbfuPMgf+r34=", "last_login": "2023-12-16T03:03:44.834Z", "is_superuser": false, "username": "milena", "first_name": "", "last_name": "", "email": "", "is_staff": false, "is_active": true, "date_joined": "2023-12-04T00:06:18.856Z", "groups": [], "user_permissions": []}}, {"model": "auth.user", "pk": 4, "fields": {"password": "pbkdf2_sha256$600000$Uqq1BKcya4HQd82hwmblsM$/Bz1TnRquJJvp8FURZeLfJtSe23BKjVQZzv+/aENd+U=", "last_login": "2023-12-16T03:10:21.373Z", "is_superuser": false, "username": "lucia", "first_name": "", "last_name": "", "email": "", "is_staff": false, "is_active": true, "date_joined": "2023-12-04T00:08:47.301Z", "groups": [], "user_permissions": []}}, {"model": "auth.user", "pk": 6, "fields": {"password": "pbkdf2_sha256$600000$Amp6DIeYQBaD9W11Bt4zmr$GHOj2i2nLZi9E+A68dKCfXkFuH/WQ2mSuLp2B6/kr6I=", "last_login": "2023-12-16T03:22:02.180Z", "is_superuser": false, "username": "luli", "first_name": "", "last_name": "", "email": "", "is_staff": false, "is_active": true, "date_joined": "2023-12-16T03:15:59.025Z", "groups": [], "user_permissions": []}}, {"model": "auth.user", "pk": 7, "fields": {"password": "pbkdf2_sha256$600000$thtMVUDWDoeLNAy8K8xYjM$Aw9nk0UWT5WSsJWfLdLyOkLxxPBs577xtThl6n5kEAQ=", "last_login": "2023-12-16T04:41:57.322Z", "is_superuser": false, "username": "pepito", "first_name": "", "last_name": "", "email": "", "is_staff": false, "is_active": true, "date_joined": "2023-12-16T04:41:56.430Z", "groups": [], "user_permissions": []}}, {"model": "auth.user", "pk": 8, "fields": {"password": "pbkdf2_sha256$600000$Z8O874oyJVymmRaRRKMZ4c$Ka9T3Q3VuTQRN4Mr1/32JaZRdXfuBL/8SM/nPnKNqQU=", "last_login": "2023-12-16T04:46:12.424Z", "is_superuser": false, "username": "tutu", "first_name": "", "last_name": "", "email": "", "is_staff": false, "is_active": true, "date_joined": "2023-12-16T04:46:11.680Z", "groups": [], "user_permissions": []}}, {"model": "auth.user", "pk": 9, "fields": {"password": "pbkdf2_sha256$600000$DgySVzR7wuHhKFMUAKj4Vj$weZksBN2+Rby4EYZhUDW+uP+j5gsjce7izM+4lMyCfw=", "last_login": "2023-12-18T00:01:41.866Z", "is_superuser": false, "username": "user", "first_name": "", "last_name": "", "email": "", "is_staff": false, "is_active": true, "date_joined": "2023-12-18T00:01:41.157Z", "groups": [], "user_permissions": []}}, {"model": "auth.user", "pk": 10, "fields": {"password": "pbkdf2_sha256$600000$fBNTiGvsiKqVUX9IshwICr$Ok15VUMqVijPNAqloULV+PEYS+CF52pUI7wET9uhvAQ=", "last_login": "2023-12-18T00:04:56.568Z", "is_superuser": false, "username": "user2", "first_name": "", "last_name": "", "email": "", "is_staff": false, "is_active": true, "date_joined": "2023-12-18T00:04:55.832Z", "groups": [], "user_permissions": []}}, {"model": "auth.user", "pk": 11, "fields": {"password": "pbkdf2_sha256$600000$urM1s55bcEkTSdtN2DEE9n$jV6Uiq1mHCNXTySSEAPftdCvOrtuP4cs3WbrKAn6xs4=", "last_login": "2023-12-18T00:07:02.157Z", "is_superuser": false, "username": "user3", "first_name": "", "last_name": "", "email": "", "is_staff": false, "is_active": true, "date_joined": "2023-12-18T00:07:01.355Z", "groups": [], "user_permissions": []}}, {"model": "auth.user", "pk": 12, "fields": {"password": "pbkdf2_sha256$600000$x1SgSCrlVxBQLnyVYBeIbq$rHFcfGPGpsOQbXitf1RNWlREaYE4nYcQwESE3ZBIFT0=", "last_login": "2023-12-18T00:07:49.073Z", "is_superuser": false, "username": "user4", "first_name": "", "last_name": "", "email": "", "is_staff": false, "is_active": true, "date_joined": "2023-12-18T00:07:48.279Z", "groups": [], "user_permissions": []}}, {"model": "auth.user", "pk": 13, "fields": {"password": "pbkdf2_sha256$600000$pfLuW30TFHvdmRYRBtZhQB$g9y1hY5XMnzfeCyDrMkerRjTaHAtbWr2g5iMxlXwBVE=", "last_login": "2023-12-18T00:10:59.701Z", "is_superuser": false, "username": "user5", "first_name": "", "last_name": "", "email": "", "is_staff": false, "is_active": true, "date_joined": "2023-12-18T00:10:58.961Z", "groups": [], "user_permissions": []}}, {"model": "auth.user", "pk": 14, "fields": {"password": "pbkdf2_sha256$600000$2TLEPQNeTMxvA1F7102qVA$THr2F05Z+B5TJL20uk0rywhZUiwM5RyHU53Tu/EDlI8=", "last_login": "2024-01-14T01:53:24.078Z", "is_superuser": false, "username": "martincito2", "first_name": "Ricardo", "last_name": "Biselli", "email": "indumentariarmb@gmail.com", "is_staff": false, "is_active": true, "date_joined": "2024-01-01T15:08:11.604Z", "groups": [], "user_permissions": []}}, {"model": "auth.user", "pk": 15, "fields": {"password": "pbkdf2_sha256$600000$XBZDZJ254FeYo9lVUhJpJq$z9RManOAwybdugQR3iustj7MFQ7tawyHNDKJT4pr+OM=", "last_login": "2024-01-01T19:09:03.834Z", "is_superuser": false, "username": "milenita", "first_name": "", "last_name": "", "email": "", "is_staff": false, "is_active": true, "date_joined": "2024-01-01T15:46:45.439Z", "groups": [], "user_permissions": []}}, {"model": "auth.user", "pk": 16, "fields": {"password": "pbkdf2_sha256$600000$4XlWaFWWxfUsBwEqO0fiMa$sQZNHDTctT5uBW2qzP6hwhQebjR5ltH0qYFm3nNE41U=", "last_login": "2024-01-01T21:25:22.357Z", "is_superuser": false, "username": "testuser", "first_name": "", "last_name": "", "email": "", "is_staff": false, "is_active": true, "date_joined": "2024-01-01T19:00:54.921Z", "groups": [], "user_permissions": []}}, {"model": "auth.user", "pk": 17, "fields": {"password": "pbkdf2_sha256$600000$gkOcGEB3oLKrccX5Lr7Q2E$MKKsk6jFiEN7b9i5bbkvoA54wtYWVOcH7fkwPAedERQ=", "last_login": "2024-01-01T19:10:19.157Z", "is_superuser": false, "username": "niko_bellic", "first_name": "", "last_name": "", "email": "", "is_staff": false, "is_active": true, "date_joined": "2024-01-01T19:10:18.238Z", "groups": [], "user_permissions": []}}, {"model": "auth.user", "pk": 18, "fields": {"password": "pbkdf2_sha256$600000$8N9f7jHnjx3f3ANxOGsQWC$a5+7snnhUwbxz5ygjiKFoP3k8LP/toXU59ShuvCiJO4=", "last_login": "2024-01-13T02:14:19.938Z", "is_superuser": false, "username": "dummywithemail", "first_name": "", "last_name": "", "email": "dummy@dummy.com", "is_staff": false, "is_active": true, "date_joined": "2024-01-13T02:14:19.155Z", "groups": [], "user_permissions": []}}, {"model": "auth.user", "pk": 19, "fields": {"password": "pbkdf2_sha256$600000$UkmKv5Eb363UKg7rFV7rHG$gRU+eeMs0E+/SS5q7br7tY78BTyeYX2xSztKS/kAozQ=", "last_login": "2024-01-13T02:26:27.903Z", "is_superuser": false, "username": "Julieta", "first_name": "Julieta", "last_name": "Juli", "email": "julieta@julieta.com", "is_staff": false, "is_active": true, "date_joined": "2024-01-13T02:26:27.094Z", "groups": [], "user_permissions": []}}, {"model": "auth.user", "pk": 20, "fields": {"password": "pbkdf2_sha256$600000$FEdrbSweYnzbAKeAf1iAnP$1NCXdPDrNxrR5UQEQGGJht5p4IAdBUk/b6z6lNm5Vvs=", "last_login": "2024-01-13T04:25:09.558Z", "is_superuser": false, "username": "julieta2", "first_name": "julieta2", "last_name": "juli", "email": "julieta2@julieta2.com", "is_staff": false, "is_active": true, "date_joined": "2024-01-13T02:38:25.619Z", "groups": [], "user_permissions": []}}, {"model": "auth.user", "pk": 21, "fields": {"password": "pbkdf2_sha256$600000$NhyUoSCtSnKmwmiXVAfPxT$9nWRWCE2E/27pWEsTeeDu8fmBPZYLssIedjdx69N6YU=", "last_login": null, "is_superuser": false, "username": "martu", "first_name": "martin", "last_name": "Biselli", "email": "martu@martu.com", "is_staff": false, "is_active": true, "date_joined": "2024-01-13T03:43:15.786Z", "groups": [], "user_permissions": []}}, {"model": "auth.user", "pk": 22, "fields": {"password": "pbkdf2_sha256$600000$d6to80oUPuHN1N68NoQhz2$NAt0Hz/eBkt7pykZ567Wu62xBdmFClEJqQCh/3cpfqM=", "last_login": null, "is_superuser": false, "username": "mar2", "first_name": "mar", "last_name": "mart", "email": "mar12@gmail.com", "is_staff": false, "is_active": true, "date_joined": "2024-01-13T03:51:07.983Z", "groups": [], "user_permissions": []}}, {"model": "auth.user", "pk": 23, "fields": {"password": "pbkdf2_sha256$600000$EIKpSrkoQJZZ38LoOrcBGZ$KEo2LRfOcF8m+eE14tl1blUzAg/1rtAfx69zUnR8IZw=", "last_login": "2024-01-13T04:02:45.702Z", "is_superuser": false, "username": "tupper", "first_name": "tupper", "last_name": "cito", "email": "tupper@tupper.com", "is_staff": false, "is_active": true, "date_joined": "2024-01-13T04:02:44.940Z", "groups": [], "user_permissions": []}}, {"model": "auth.user", "pk": 24, "fields": {"password": "pbkdf2_sha256$600000$Ca9QLG7aJj0DL7BznginME$7ATDajL0vmt996NA+S0diD6Nx0uQkA6zd6bo/frea+A=", "last_login": "2024-01-13T04:06:10.222Z", "is_superuser": false, "username": "colgate", "first_name": "colagate", "last_name": "hilo", "email": "colgate@colgate.com", "is_staff": false, "is_active": true, "date_joined": "2024-01-13T04:06:09.499Z", "groups": [], "user_permissions": []}}, {"model": "auth.user", "pk": 25, "fields": {"password": "pbkdf2_sha256$600000$TToaUUvfM39wBg1DsyUFRx$agBToIoe9GpwwY/vrm7D0JJ3W+leM6FZFStmx71lPIY=", "last_login": "2024-01-13T04:14:15.411Z", "is_superuser": false, "username": "ultimo", "first_name": "ultimo", "last_name": "intento", "email": "ultimo@ultimo.com", "is_staff": false, "is_active": true, "date_joined": "2024-01-13T04:14:14.533Z", "groups": [], "user_permissions": []}}, {"model": "auth.user", "pk": 26, "fields": {"password": "pbkdf2_sha256$600000$sit6zyiBxoPdakKuxgZLCP$EPyi66vRVIbSMK7GTBK0eA6c1RF3vWbbexHA0Zog/6g=", "last_login": null, "is_superuser": false, "username": "averahora", "first_name": "aver", "last_name": "ahora", "email": "aver@aver.com", "is_staff": false, "is_active": true, "date_joined": "2024-01-13T04:19:00.655Z", "groups": [], "user_permissions": []}}, {"model": "auth.user", "pk": 27, "fields": {"password": "pbkdf2_sha256$600000$AHBhnHg3bVt7Vk4ivjdpOX$CXiTcbjbmHROXDKkHt4NN+RgxU0U6TRAYKLZYPsl6IU=", "last_login": "2024-01-13T04:22:13.079Z", "is_superuser": false, "username": "ludmi", "first_name": "ludmi", "last_name": "hermosa", "email": "ludmi@ludmi.com", "is_staff": false, "is_active": true, "date_joined": "2024-01-13T04:22:12.448Z", "groups": [], "user_permissions": []}}, {"model": "auth.user", "pk": 28, "fields": {"password": "pbkdf2_sha256$600000$jMSz72miFOkVhGgKgd7tLv$DcKelw40jvK/QcvvEiqdl8MV6IV2kEjD98WW36aG580=", "last_login": "2024-01-13T04:25:37.474Z", "is_superuser": false, "username": "probando", "first_name": "pro", "last_name": "bando", "email": "probando@gmail.com", "is_staff": false, "is_active": true, "date_joined": "2024-01-13T04:25:36.745Z", "groups": [], "user_permissions": []}}, {"model": "auth.user", "pk": 29, "fields": {"password": "pbkdf2_sha256$600000$TdLXTutzOba9ULBpSbsgR5$Gbz62XiMauhIQiZkIhZWfy2OihFnpAS01eKo3nLoHh8=", "last_login": "2024-01-13T20:52:18.939Z", "is_superuser": false, "username": "vagui", "first_name": "vagui", "last_name": "to", "email": "vagui@gmail.com", "is_staff": false, "is_active": true, "date_joined": "2024-01-13T20:52:18.244Z", "groups": [], "user_permissions": []}}, {"model": "auth.user", "pk": 30, "fields": {"password": "pbkdf2_sha256$600000$amwfJhRxYKEoU1UvkSEv23$B30BI/QSRulM9NAx0qQ0V/M7b5Hfibrn2Y20kW8fYK4=", "last_login": "2024-01-13T21:31:25.971Z", "is_superuser": false, "username": "dummy1000", "first_name": "dumy1000", "last_name": "last1000", "email": "1000@gmail.com", "is_staff": false, "is_active": true, "date_joined": "2024-01-13T21:31:25.399Z", "groups": [], "user_permissions": []}}, {"model": "auth.user", "pk": 31, "fields": {"password": "pbkdf2_sha256$600000$aGcFyCtKOn8YiKOt7C7k0r$++8l3jijU1l5agJauq0s2vu6fDr614fxwDpnRkFLA3k=", "last_login": "2024-01-13T21:43:35.673Z", "is_superuser": false, "username": "dummy999", "first_name": "dummy9", "last_name": "last9", "email": "999@gmail.com", "is_staff": false, "is_active": true, "date_joined": "2024-01-13T21:38:47.069Z", "groups": [], "user_permissions": []}}, {"model": "auth.user", "pk": 32, "fields": {"password": "pbkdf2_sha256$600000$3XSsd2p4FsWJm4WPQAdKJ6$mO9iIQHl+T1Hfno3hFZG3SEL6QYTnmj4gD07BUsgbA8=", "last_login": "2024-01-13T21:44:19.963Z", "is_superuser": false, "username": "anthony", "first_name": "anthony", "last_name": "cumia", "email": "anth@gmail.com", "is_staff": false, "is_active": true, "date_joined": "2024-01-13T21:44:19.321Z", "groups": [], "user_permissions": []}}, {"model": "auth.user", "pk": 33, "fields": {"password": "pbkdf2_sha256$600000$HH1iCWagsHRUIwZbKv4nn9$bKxVjVVEDDMm3nGMg4wP2ZBlGIGlXB1QfpgLdDzaP3Y=", "last_login": "2024-01-13T21:49:24.091Z", "is_superuser": false, "username": "gregg", "first_name": "gregg", "last_name": "Hughes", "email": "greggie@gmail.com", "is_staff": false, "is_active": true, "date_joined": "2024-01-13T21:49:23.465Z", "groups": [], "user_permissions": []}}, {"model": "auth.user", "pk": 34, "fields": {"password": "pbkdf2_sha256$600000$W8otlnC4QYb0LfMxTWIm6h$Yz8NjXHqKswOQ5i3vCG0oAEwm/lnhaiFlbwPvKjFhtA=", "last_login": "2024-01-13T21:50:57.731Z", "is_superuser": false, "username": "jim", "first_name": "jim", "last_name": "norton", "email": "jimmy@gmail.com", "is_staff": false, "is_active": true, "date_joined": "2024-01-13T21:50:56.961Z", "groups": [], "user_permissions": []}}, {"model": "auth.user", "pk": 35, "fields": {"password": "pbkdf2_sha256$600000$dE4RlC1nnGe6EJcAoneSqr$ghmpN1Y9UBkLPpSQVflXHnb1Cs76QjiORHgRvYsssSg=", "last_login": "2024-01-13T21:53:45.993Z", "is_superuser": false, "username": "steve", "first_name": "steve", "last_name": "carlisi", "email": "ramone@gmail.com", "is_staff": false, "is_active": true, "date_joined": "2024-01-13T21:53:45.349Z", "groups": [], "user_permissions": []}}, {"model": "auth.user", "pk": 36, "fields": {"password": "pbkdf2_sha256$600000$m9c0idI2ANOjVNASDny36n$aPSU6+gQpLC/yzEHuzW6XiSPGLb/DbUnxw+gjqTjRrI=", "last_login": "2024-01-13T21:56:32.014Z", "is_superuser": false, "username": "notsam", "first_name": "sam", "last_name": "Roberts", "email": "sanroberts@gmail.com", "is_staff": false, "is_active": true, "date_joined": "2024-01-13T21:56:31.376Z", "groups": [], "user_permissions": []}}, {"model": "auth.user", "pk": 37, "fields": {"password": "pbkdf2_sha256$600000$svVhcM3T4WghhRXmt39NGl$tnYQ5jIP5MGOSADOOSD+89i7ccXFFFEpoM5IAG6V41M=", "last_login": "2024-01-13T21:58:54.913Z", "is_superuser": false, "username": "bendovid", "first_name": "daniel", "last_name": "ross", "email": "danny@gmail.com", "is_staff": false, "is_active": true, "date_joined": "2024-01-13T21:58:54.313Z", "groups": [], "user_permissions": []}}, {"model": "auth.user", "pk": 38, "fields": {"password": "pbkdf2_sha256$600000$h14aiRFDmvlg1Oe0g5lLcs$MoAPCqbi1seha/aKCtNqYN6tjlHF2FpTNo2VGNDRV3s=", "last_login": "2024-01-13T22:01:37.258Z", "is_superuser": false, "username": "travdog", "first_name": "travis", "last_name": "teftt", "email": "travis@gmail.com", "is_staff": false, "is_active": true, "date_joined": "2024-01-13T22:01:36.435Z", "groups": [], "user_permissions": []}}, {"model": "auth.user", "pk": 39, "fields": {"password": "pbkdf2_sha256$600000$qNhksZtiWFhgl3oqVIxCqs$MKjuXG6uAyKVEJqji+gVynqVGuaPCS+1fsmF+ijuz6w=", "last_login": "2024-01-13T22:04:25.686Z", "is_superuser": false, "username": "euge", "first_name": "euge", "last_name": "feli", "email": "euge@gmial.com", "is_staff": false, "is_active": true, "date_joined": "2024-01-13T22:04:25.051Z", "groups": [], "user_permissions": []}}, {"model": "contenttypes.contenttype", "pk": 1, "fields": {"app_label": "admin", "model": "logentry"}}, {"model": "contenttypes.contenttype", "pk": 2, "fields": {"app_label": "auth", "model": "permission"}}, {"model": "contenttypes.contenttype", "pk": 3, "fields": {"app_label": "auth", "model": "group"}}, {"model": "contenttypes.contenttype", "pk": 4, "fields": {"app_label": "auth", "model": "user"}}, {"model": "contenttypes.contenttype", "pk": 5, "fields": {"app_label": "contenttypes", "model": "contenttype"}}, {"model": "contenttypes.contenttype", "pk": 6, "fields": {"app_label": "sessions", "model": "session"}}, {"model": "contenttypes.contenttype", "pk": 7, "fields": {"app_label": "accounts", "model": "transaction"}}, {"model": "contenttypes.contenttype", "pk": 8, "fields": {"app_label": "accounts", "model": "account"}}, {"model": "contenttypes.contenttype", "pk": 9, "fields": {"app_label": "accounts", "model": "userprofile"}}, {"model": "contenttypes.contenttype", "pk": 10, "fields": {"app_label": "accounts", "model": "transferdestination"}}, {"model": "contenttypes.contenttype", "pk": 11, "fields": {"app_label": "users", "model": "userprofile"}}, {"model": "contenttypes.contenttype", "pk": 12, "fields": {"app_label": "transactions", "model": "transaction"}}, {"model": "contenttypes.contenttype", "pk": 13, "fields": {"app_label": "transactions", "model": "transferdestination"}}, {"model": "sessions.session", "pk": "92ii8ujn66eh6u3386584d7en32pjk2k", "fields": {"session_data": ".eJxVjEEOwiAQRe_C2pCBDhJcuvcMZAYGqRqalHZlvLtt0oVu33v_v1Wkdalx7TLHMauLMqhOv5ApPaXtJj-o3SedprbMI-s90Yft-jZleV2P9u-gUq_bmgebwBqhwSQ6kxM0wChkQyiABSxJ8eADZscuoGXwGzEJsfgMqajPFw2lOHU:1rOpgi:Mtk_e0NmWhI8-AhmNMyN5fegSwY7-pqvB_sG_8q5Shw", "expire_date": "2024-01-28T01:53:24.161Z"}}, {"model": "sessions.session", "pk": "b9vfne6uzvnkvhfr2lfr69psh5356lae", "fields": {"session_data": ".eJxVjEEOwiAQRe_C2pCBDhJcuvcMZAYGqRqalHZlvLtt0oVu33v_v1Wkdalx7TLHMauLMqhOv5ApPaXtJj-o3SedprbMI-s90Yft-jZleV2P9u-gUq_bmgebwBqhwSQ6kxM0wChkQyiABSxJ8eADZscuoGXwGzEJsfgMqajPFw2lOHU:1rLEWi:IEaB2oR_1qzP7REVQXtHuLueaLKHogT1RxbEjLv5dFw", "expire_date": "2024-01-18T03:36:12.632Z"}}, {"model": "sessions.session", "pk": "f703kybza9zx0ljh8rgtf5swz0v797w8", "fields": {"session_data": ".eJxVjMsOwiAQRf-FtSHDG1y69xvIMIBUDU1KuzL-uzbpQrf3nHNfLOK2triNssQpszOTnp1-x4T0KH0n-Y79NnOa-7pMie8KP-jg1zmX5-Vw_w4ajvatq5VaVJDOJwJPmYwVElUIuhoARToElb0xDpMWSYFHCeQx2wAuCXLs_QHsdjdB:1rOVaT:WE4A4FsdnY2wvpAwwbHsFk5_B6cUyWlfa8k9QvUU1W4", "expire_date": "2024-01-27T04:25:37.591Z"}}, {"model": "sessions.session", "pk": "i47nemdhl5hn385fgctqjh0ptru7jaqp", "fields": {"session_data": ".eJxVjEEOwiAQRe_C2pCBDhJcuvcMZAYGqRqalHZlvLtt0oVu33v_v1Wkdalx7TLHMauLMqhOv5ApPaXtJj-o3SedprbMI-s90Yft-jZleV2P9u-gUq_bmgebwBqhwSQ6kxM0wChkQyiABSxJ8eADZscuoGXwGzEJsfgMqajPFw2lOHU:1rLENM:0jEFSiSO5ZCirVu9leSIB7EW9joMLrka88rJi14iUlA", "expire_date": "2024-01-18T03:26:32.212Z"}}, {"model": "sessions.session", "pk": "vnfo7w2l0sx2kt6pavp7mb1u1h8mqr4w", "fields": {"session_data": ".eJxVjEEOwiAQRe_C2pDADAy4dO8ZyACjVE2blHbVeHdt0oVu_3vvbyrxurS0dpnTUNVZWXX63TKXp4w7qA8e75Mu07jMQ9a7og_a9XWq8roc7t9B496-NWA2sXIMFoEQQoZbrORFokcbLHkiAnCVxGJ0XgwWJiDDXFCc9er9AbPBNqY:1rBS8s:LsqOSuz9keY9QGogNO0j-RGZ-NLKVAhKKHIOMlSgTKQ", "expire_date": "2023-12-22T04:07:10.644Z"}}, {"model": "sessions.session", "pk": "ylk0fngriq8e3p1uaqsfwqo59013wtjy", "fields": {"session_data": ".eJxVjEEOwiAQRe_C2pDADAy4dO8ZyACjVE2blHbVeHdt0oVu_3vvbyrxurS0dpnTUNVZWXX63TKXp4w7qA8e75Mu07jMQ9a7og_a9XWq8roc7t9B496-NWA2sXIMFoEQQoZbrORFokcbLHkiAnCVxGJ0XgwWJiDDXFCc9er9AbPBNqY:1rGVuN:t-SlfT67G2fIYRr8wAFHX2QcQwyB5h9GZowLiO9SOeI", "expire_date": "2024-01-05T03:09:07.603Z"}}, {"model": "accounts.account", "pk": 21, "fields": {"user": 14, "balance_currency": "USD", "balance": "800.97", "account_number": "2369133871", "currency": "USD"}}, {"model": "accounts.account", "pk": 22, "fields": {"user": 14, "balance_currency": "ARS", "balance": "252331.53", "account_number": "4440274507", "currency": "ARS"}}, {"model": "accounts.account", "pk": 23, "fields": {"user": 15, "balance_currency": "ARS", "balance": "1003920.20", "account_number": "4279153253", "currency": "ARS"}}, {"model": "accounts.account", "pk": 24, "fields": {"user": 14, "balance_currency": "USD", "balance": "107.67", "account_number": "8033897738", "currency": "EUR"}}, {"model": "accounts.account", "pk": 25, "fields": {"user": 16, "balance_currency": "USD", "balance": "5.31", "account_number": "7035475903", "currency": "USD"}}, {"model": "accounts.account", "pk": 27, "fields": {"user": 16, "balance_currency": "USD", "balance": "5500.00", "account_number": "8715103454", "currency": "ARS"}}, {"model": "accounts.account", "pk": 28, "fields": {"user": 16, "balance_currency": "USD", "balance": "9974.50", "account_number": "5040918172", "currency": "EUR"}}, {"model": "accounts.account", "pk": 29, "fields": {"user": 15, "balance_currency": "USD", "balance": "10000.25", "account_number": "9481916055", "currency": "USD"}}, {"model": "accounts.account", "pk": 30, "fields": {"user": 17, "balance_currency": "USD", "balance": "10028.15", "account_number": "2568721701", "currency": "USD"}}, {"model": "accounts.account", "pk": 31, "fields": {"user": 16, "balance_currency": "USD", "balance": "20000.00", "account_number": "6956370722", "currency": "USD"}}, {"model": "accounts.account", "pk": 32, "fields": {"user": 16, "balance_currency": "USD", "balance": "8619.00", "account_number": "2068960041", "currency": "USD"}}, {"model": "accounts.account", "pk": 33, "fields": {"user": 16, "balance_currency": "USD", "balance": "11381.00", "account_number": "6262695529", "currency": "USD"}}, {"model": "accounts.account", "pk": 35, "fields": {"user": 18, "balance_currency": "USD", "balance": "10000.00", "account_number": "3009145463", "currency": "USD"}}, {"model": "accounts.account", "pk": 36, "fields": {"user": 19, "balance_currency": "USD", "balance": "10000.00", "account_number": "1243360041", "currency": "ARS"}}, {"model": "accounts.account", "pk": 37, "fields": {"user": 20, "balance_currency": "USD", "balance": "10000.00", "account_number": "4503349087", "currency": "ARS"}}, {"model": "accounts.account", "pk": 38, "fields": {"user": 23, "balance_currency": "USD", "balance": "10000.00", "account_number": "6588590464", "currency": "USD"}}, {"model": "accounts.account", "pk": 39, "fields": {"user": 24, "balance_currency": "USD", "balance": "10000.00", "account_number": "2305043584", "currency": "USD"}}, {"model": "accounts.account", "pk": 40, "fields": {"user": 25, "balance_currency": "USD", "balance": "10000.00", "account_number": "1840344103", "currency": "USD"}}, {"model": "accounts.account", "pk": 41, "fields": {"user": 27, "balance_currency": "USD", "balance": "10000.00", "account_number": "5292930201", "currency": "USD"}}, {"model": "accounts.account", "pk": 42, "fields": {"user": 28, "balance_currency": "USD", "balance": "10000.00", "account_number": "9689745826", "currency": "USD"}}, {"model": "accounts.account", "pk": 43, "fields": {"user": 29, "balance_currency": "USD", "balance": "10000.00", "account_number": "5087903146", "currency": "USD"}}, {"model": "accounts.account", "pk": 44, "fields": {"user": 30, "balance_currency": "USD", "balance": "10000.00", "account_number": "8003524104", "currency": "USD"}}, {"model": "accounts.account", "pk": 45, "fields": {"user": 31, "balance_currency": "USD", "balance": "10000.00", "account_number": "2334751719", "currency": "USD"}}, {"model": "accounts.account", "pk": 46, "fields": {"user": 32, "balance_currency": "USD", "balance": "10000.00", "account_number": "1389742662", "currency": "USD"}}, {"model": "accounts.account", "pk": 47, "fields": {"user": 33, "balance_currency": "USD", "balance": "10000.00", "account_number": "9966454294", "currency": "USD"}}, {"model": "accounts.account", "pk": 48, "fields": {"user": 34, "balance_currency": "USD", "balance": "10000.00", "account_number": "3178195747", "currency": "USD"}}, {"model": "accounts.account", "pk": 49, "fields": {"user": 35, "balance_currency": "USD", "balance": "10000.00", "account_number": "6055733599", "currency": "USD"}}, {"model": "accounts.account", "pk": 50, "fields": {"user": 36, "balance_currency": "USD", "balance": "10000.00", "account_number": "9093321108", "currency": "USD"}}, {"model": "accounts.account", "pk": 51, "fields": {"user": 37, "balance_currency": "USD", "balance": "10000.00", "account_number": "6176817671", "currency": "ARS"}}, {"model": "accounts.account", "pk": 52, "fields": {"user": 38, "balance_currency": "USD", "balance": "10000.00", "account_number": "7505278848", "currency": "USD"}}, {"model": "accounts.account", "pk": 53, "fields": {"user": 39, "balance_currency": "USD", "balance": "10000.00", "account_number": "5118096942", "currency": "ARS"}}, {"model": "users.userprofile", "pk": 1, "fields": {"user": 14, "first_name": "", "last_name": "", "birth_date": null}}, {"model": "users.userprofile", "pk": 2, "fields": {"user": 15, "first_name": "", "last_name": "", "birth_date": null}}, {"model": "users.userprofile", "pk": 3, "fields": {"user": 16, "first_name": "", "last_name": "", "birth_date": null}}, {"model": "users.userprofile", "pk": 4, "fields": {"user": 17, "first_name": "", "last_name": "", "birth_date": null}}, {"model": "users.userprofile", "pk": 5, "fields": {"user": 18, "first_name": "", "last_name": "", "birth_date": null}}, {"model": "users.userprofile", "pk": 6, "fields": {"user": 19, "first_name": "", "last_name": "", "birth_date": null}}, {"model": "users.userprofile", "pk": 7, "fields": {"user": 20, "first_name": "", "last_name": "", "birth_date": null}}, {"model": "users.userprofile", "pk": 8, "fields": {"user": 23, "first_name": "", "last_name": "", "birth_date": null}}, {"model": "users.userprofile", "pk": 9, "fields": {"user": 24, "first_name": "", "last_name": "", "birth_date": null}}, {"model": "users.userprofile", "pk": 10, "fields": {"user": 25, "first_name": "", "last_name": "", "birth_date": null}}, {"model": "users.userprofile", "pk": 11, "fields": {"user": 26, "first_name": "", "last_name": "", "birth_date": null}}, {"model": "users.userprofile", "pk": 12, "fields": {"user": 28, "first_name": "", "last_name": "", "birth_date": null}}, {"model": "users.userprofile", "pk": 13, "fields": {"user": 29, "first_name": "", "last_name": "", "birth_date": null}}, {"model": "users.userprofile", "pk": 14, "fields": {"user": 1, "first_name": "Ricardo", "last_name": "Biselli", "birth_date": "1985-03-11"}}, {"model": "users.userprofile", "pk": 15, "fields": {"user": 2, "first_name": "", "last_name": "", "birth_date": null}}, {"model": "users.userprofile", "pk": 16, "fields": {"user": 3, "first_name": "", "last_name": "", "birth_date": null}}, {"model": "users.userprofile", "pk": 17, "fields": {"user": 4, "first_name": "", "last_name": "", "birth_date": null}}, {"model": "users.userprofile", "pk": 18, "fields": {"user": 6, "first_name": "", "last_name": "", "birth_date": null}}, {"model": "users.userprofile", "pk": 19, "fields": {"user": 7, "first_name": "", "last_name": "", "birth_date": null}}, {"model": "users.userprofile", "pk": 20, "fields": {"user": 8, "first_name": "", "last_name": "", "birth_date": null}}, {"model": "users.userprofile", "pk": 21, "fields": {"user": 9, "first_name": "", "last_name": "", "birth_date": null}}, {"model": "users.userprofile", "pk": 22, "fields": {"user": 10, "first_name": "", "last_name": "", "birth_date": null}}, {"model": "users.userprofile", "pk": 23, "fields": {"user": 11, "first_name": "", "last_name": "", "birth_date": null}}, {"model": "users.userprofile", "pk": 24, "fields": {"user": 12, "first_name": "", "last_name": "", "birth_date": null}}, {"model": "users.userprofile", "pk": 25, "fields": {"user": 13, "first_name": "", "last_name": "", "birth_date": null}}, {"model": "users.userprofile", "pk": 26, "fields": {"user": 21, "first_name": "", "last_name": "", "birth_date": null}}, {"model": "users.userprofile", "pk": 27, "fields": {"user": 22, "first_name": "", "last_name": "", "birth_date": null}}, {"model": "users.userprofile", "pk": 28, "fields": {"user": 27, "first_name": "", "last_name": "", "birth_date": null}}, {"model": "users.userprofile", "pk": 29, "fields": {"user": 30, "first_name": "", "last_name": "", "birth_date": null}}, {"model": "users.userprofile", "pk": 30, "fields": {"user": 31, "first_name": "", "last_name": "", "birth_date": null}}, {"model": "users.userprofile", "pk": 31, "fields": {"user": 32, "first_name": "", "last_name": "", "birth_date": null}}, {"model": "users.userprofile", "pk": 32, "fields": {"user": 33, "first_name": "", "last_name": "", "birth_date": null}}, {"model": "users.userprofile", "pk": 33, "fields": {"user": 34, "first_name": "", "last_name": "", "birth_date": null}}, {"model": "users.userprofile", "pk": 34, "fields": {"user": 35, "first_name": "", "last_name": "", "birth_date": null}}, {"model": "users.userprofile", "pk": 35, "fields": {"user": 36, "first_name": "", "last_name": "", "birth_date": null}}, {"model": "users.userprofile", "pk": 36, "fields": {"user": 37, "first_name": "", "last_name": "", "birth_date": null}}, {"model": "users.userprofile", "pk": 37, "fields": {"user": 38, "first_name": "travis", "last_name": "teftt", "birth_date": "1980-01-05"}}, {"model": "users.userprofile", "pk": 38, "fields": {"user": 39, "first_name": "euge", "last_name": "feli", "birth_date": "1985-01-01"}}, {"model": "transactions.transaction", "pk": 1, "fields": {"sender": 21, "receiver": 22, "amount": "2021.84", "timestamp": "2024-01-01T17:00:24.780Z"}}, {"model": "transactions.transaction", "pk": 2, "fields": {"sender": 21, "receiver": 23, "amount": "1698.35", "timestamp": "2024-01-01T17:00:52.385Z"}}, {"model": "transactions.transaction", "pk": 3, "fields": {"sender": 22, "receiver": 23, "amount": "100.00", "timestamp": "2024-01-01T18:21:53.409Z"}}, {"model": "transactions.transaction", "pk": 4, "fields": {"sender": 22, "receiver": 23, "amount": "100.00", "timestamp": "2024-01-01T18:26:32.523Z"}}, {"model": "transactions.transaction", "pk": 5, "fields": {"sender": 21, "receiver": 24, "amount": "90.56", "timestamp": "2024-01-01T18:43:59.625Z"}}, {"model": "transactions.transaction", "pk": 6, "fields": {"sender": 27, "receiver": 25, "amount": "5.56", "timestamp": "2024-01-01T19:06:45.574Z"}}, {"model": "transactions.transaction", "pk": 7, "fields": {"sender": 28, "receiver": 30, "amount": "28.15", "timestamp": "2024-01-01T19:11:10.586Z"}}, {"model": "transactions.transaction", "pk": 8, "fields": {"sender": 25, "receiver": 29, "amount": "0.25", "timestamp": "2024-01-01T19:13:46.596Z"}}, {"model": "transactions.transaction", "pk": 10, "fields": {"sender": 32, "receiver": 33, "amount": "150.00", "timestamp": "2024-01-01T20:36:23.137Z"}}, {"model": "transactions.transaction", "pk": 11, "fields": {"sender": 32, "receiver": 33, "amount": "151.00", "timestamp": "2024-01-01T20:37:04.326Z"}}, {"model": "transactions.transaction", "pk": 12, "fields": {"sender": 32, "receiver": 33, "amount": "151.00", "timestamp": "2024-01-01T20:37:16.020Z"}}, {"model": "transactions.transaction", "pk": 13, "fields": {"sender": 32, "receiver": 33, "amount": "151.00", "timestamp": "2024-01-01T20:38:46.092Z"}}, {"model": "transactions.transaction", "pk": 14, "fields": {"sender": 32, "receiver": 33, "amount": "152.00", "timestamp": "2024-01-01T20:38:53.020Z"}}, {"model": "transactions.transaction", "pk": 15, "fields": {"sender": 32, "receiver": 33, "amount": "152.00", "timestamp": "2024-01-01T20:39:17.657Z"}}, {"model": "transactions.transaction", "pk": 16, "fields": {"sender": 32, "receiver": 33, "amount": "153.00", "timestamp": "2024-01-01T20:39:26.219Z"}}, {"model": "transactions.transaction", "pk": 17, "fields": {"sender": 32, "receiver": 33, "amount": "153.00", "timestamp": "2024-01-01T20:39:28.570Z"}}, {"model": "transactions.transaction", "pk": 18, "fields": {"sender": 32, "receiver": 33, "amount": "153.00", "timestamp": "2024-01-01T20:40:10.453Z"}}, {"model": "transactions.transaction", "pk": 19, "fields": {"sender": 32, "receiver": 33, "amount": "15.00", "timestamp": "2024-01-01T20:41:38.212Z"}}, {"model": "transactions.transaction", "pk": 20, "fields": {"sender": 21, "receiver": 24, "amount": "0.92", "timestamp": "2024-01-04T02:43:53.915Z"}}, {"model": "transactions.transaction", "pk": 21, "fields": {"sender": 21, "receiver": 24, "amount": "0.92", "timestamp": "2024-01-04T02:44:05.913Z"}}, {"model": "transactions.transaction", "pk": 22, "fields": {"sender": 21, "receiver": 24, "amount": "0.92", "timestamp": "2024-01-04T02:44:08.806Z"}}, {"model": "transactions.transaction", "pk": 23, "fields": {"sender": 21, "receiver": 24, "amount": "1.10", "timestamp": "2024-01-04T02:49:28.116Z"}}, {"model": "transactions.transaction", "pk": 24, "fields": {"sender": 21, "receiver": 24, "amount": "1.10", "timestamp": "2024-01-04T02:49:32.710Z"}}, {"model": "transactions.transaction", "pk": 25, "fields": {"sender": 21, "receiver": 24, "amount": "1.10", "timestamp": "2024-01-04T02:49:37.217Z"}}, {"model": "transactions.transaction", "pk": 26, "fields": {"sender": 21, "receiver": 24, "amount": "1.10", "timestamp": "2024-01-04T02:49:40.409Z"}}, {"model": "transactions.transaction", "pk": 27, "fields": {"sender": 21, "receiver": 24, "amount": "1.10", "timestamp": "2024-01-04T02:53:10.763Z"}}, {"model": "transactions.transaction", "pk": 28, "fields": {"sender": 21, "receiver": 24, "amount": "1.10", "timestamp": "2024-01-04T02:53:14.032Z"}}, {"model": "transactions.transaction", "pk": 29, "fields": {"sender": 21, "receiver": 24, "amount": "1.10", "timestamp": "2024-01-04T02:53:15.982Z"}}, {"model": "transactions.transaction", "pk": 30, "fields": {"sender": 21, "receiver": 24, "amount": "1.10", "timestamp": "2024-01-04T02:53:17.872Z"}}, {"model": "transactions.transaction", "pk": 31, "fields": {"sender": 21, "receiver": 24, "amount": "1.74", "timestamp": "2024-01-04T02:53:42.281Z"}}, {"model": "transactions.transaction", "pk": 32, "fields": {"sender": 21, "receiver": 24, "amount": "1.74", "timestamp": "2024-01-04T02:53:46.348Z"}}, {"model": "transactions.transaction", "pk": 33, "fields": {"sender": 21, "receiver": 24, "amount": "1.74", "timestamp": "2024-01-04T02:53:48.517Z"}}, {"model": "transactions.transaction", "pk": 34, "fields": {"sender": 22, "receiver": 24, "amount": "0.11", "timestamp": "2024-01-04T02:55:58.701Z"}}, {"model": "transactions.transaction", "pk": 35, "fields": {"sender": 22, "receiver": 24, "amount": "0.11", "timestamp": "2024-01-04T02:56:01.897Z"}}, {"model": "transactions.transaction", "pk": 36, "fields": {"sender": 22, "receiver": 24, "amount": "0.11", "timestamp": "2024-01-04T02:56:03.502Z"}}, {"model": "transactions.transaction", "pk": 37, "fields": {"sender": 21, "receiver": 22, "amount": "810.69", "timestamp": "2024-01-04T03:01:14.361Z"}}, {"model": "transactions.transaction", "pk": 38, "fields": {"sender": 22, "receiver": 21, "amount": "0.00", "timestamp": "2024-01-04T03:01:48.997Z"}}, {"model": "transactions.transferdestination", "pk": 1, "fields": {"user_profile": 1, "destination_account_number": "4279153253", "nickname": "milenita", "currency": "ARS"}}, {"model": "transactions.transferdestination", "pk": 2, "fields": {"user_profile": 1, "destination_account_number": "8033897738", "nickname": "myself EUR", "currency": "EUR"}}, {"model": "transactions.transferdestination", "pk": 3, "fields": {"user_profile": 3, "destination_account_number": "2568721701", "nickname": "Niko Bellic", "currency": "USD"}}, {"model": "transactions.transferdestination", "pk": 4, "fields": {"user_profile": 3, "destination_account_number": "9481916055", "nickname": "milena", "currency": "USD"}}]